id;date;frequency;sender_call_sign;reciever_call_sign;text;source_uuid
1;2023-07-31T05:21:54;Grocery Tasty Borders;experiences;Outdoors Quality-focused index;moderator Fantastic sensor;compressing
2;2023-07-31T08:35:03;card (Malvinas);solid plug-and-play;Nakfa;Outdoors Brand Creative;indigo Virginia
3;2023-07-30T18:24:46;Plastic strategize;Senior Salad;Bedfordshire uniform;Checking;initiatives pixel hacking
4;2023-07-31T00:27:50;Bermudian Table;Grocery Rustic;Dollar;Israel Savings;Iran azure
5;2023-07-31T10:15:09;Principe Litas;budgetary multi-state;Steel ROI;Pizza SMS white;synergize
6;2023-07-30T20:35:51;indexing quantify hybrid;Arab Administrator 1080p;Handcrafted ivory Profit-focused;withdrawal;generating
7;2023-07-31T08:27:03;deposit;open-source;task-force;firewall Handcrafted portals;Lead turquoise Kyat
8;2023-07-31T00:44:58;cross-platform Senior clicks-and-mortar;Industrial;navigate Incredible;Home;Ferry
9;2023-07-30T18:24:44;Kwanza SQL;gold experiences;Cotton;Interactions Account;streamline Generic
10;2023-07-30T22:11:42;silver Extensions;withdrawal;initiative Jersey;hack vertical;portals yellow Czech
11;2023-07-31T05:21:54;Grocery Tasty Borders;experiences;Outdoors Quality-focused index;moderator Fantastic sensor;compressing
12;2023-07-31T08:35:03;card (Malvinas);solid plug-and-play;Nakfa;Outdoors Brand Creative;indigo Virginia
13;2023-07-30T18:24:46;Plastic strategize;Senior Salad;Bedfordshire uniform;Checking;initiatives pixel hacking
14;2023-07-31T00:27:50;Bermudian Table;Grocery Rustic;Dollar;Israel Savings;Iran azure
15;2023-07-31T10:15:09;Principe Litas;budgetary multi-state;Steel ROI;Pizza SMS white;synergize
16;2023-07-30T20:35:51;indexing quantify hybrid;Arab Administrator 1080p;Handcrafted ivory Profit-focused;withdrawal;generating
17;2023-07-31T08:27:03;deposit;open-source;task-force;firewall Handcrafted portals;Lead turquoise Kyat
18;2023-07-31T00:44:58;cross-platform Senior clicks-and-mortar;Industrial;navigate Incredible;Home;Ferry
19;2023-07-30T18:24:44;Kwanza SQL;gold experiences;Cotton;Interactions Account;streamline Generic
20;2023-07-30T22:11:42;silver Extensions;withdrawal;initiative Jersey;hack vertical;portals yellow Czech
21;2023-07-31T05:21:54;Grocery Tasty Borders;experiences;Outdoors Quality-focused index;moderator Fantastic sensor;compressing
22;2023-07-31T08:35:03;card (Malvinas);solid plug-and-play;Nakfa;Outdoors Brand Creative;indigo Virginia
23;2023-07-30T18:24:46;Plastic strategize;Senior Salad;Bedfordshire uniform;Checking;initiatives pixel hacking
24;2023-07-31T00:27:50;Bermudian Table;Grocery Rustic;Dollar;Israel Savings;Iran azure
25;2023-07-31T10:15:09;Principe Litas;budgetary multi-state;Steel ROI;Pizza SMS white;synergize
26;2023-07-30T20:35:51;indexing quantify hybrid;Arab Administrator 1080p;Handcrafted ivory Profit-focused;withdrawal;generating
27;2023-07-31T08:27:03;deposit;open-source;task-force;firewall Handcrafted portals;Lead turquoise Kyat
28;2023-07-31T00:44:58;cross-platform Senior clicks-and-mortar;Industrial;navigate Incredible;Home;Ferry
29;2023-07-30T18:24:44;Kwanza SQL;gold experiences;Cotton;Interactions Account;streamline Generic
30;2023-07-30T22:11:42;silver Extensions;withdrawal;initiative Jersey;hack vertical;portals yellow Czech
31;2023-07-31T05:21:54;Grocery Tasty Borders;experiences;Outdoors Quality-focused index;moderator Fantastic sensor;compressing
32;2023-07-31T08:35:03;card (Malvinas);solid plug-and-play;Nakfa;Outdoors Brand Creative;indigo Virginia
33;2023-07-30T18:24:46;Plastic strategize;Senior Salad;Bedfordshire uniform;Checking;initiatives pixel hacking
34;2023-07-31T00:27:50;Bermudian Table;Grocery Rustic;Dollar;Israel Savings;Iran azure
35;2023-07-31T10:15:09;Principe Litas;budgetary multi-state;Steel ROI;Pizza SMS white;synergize
36;2023-07-30T20:35:51;indexing quantify hybrid;Arab Administrator 1080p;Handcrafted ivory Profit-focused;withdrawal;generating
37;2023-07-31T08:27:03;deposit;open-source;task-force;firewall Handcrafted portals;Lead turquoise Kyat
38;2023-07-31T00:44:58;cross-platform Senior clicks-and-mortar;Industrial;navigate Incredible;Home;Ferry
39;2023-07-30T18:24:44;Kwanza SQL;gold experiences;Cotton;Interactions Account;streamline Generic
40;2023-07-30T22:11:42;silver Extensions;withdrawal;initiative Jersey;hack vertical;portals yellow Czech
41;2023-07-31T05:21:54;Grocery Tasty Borders;experiences;Outdoors Quality-focused index;moderator Fantastic sensor;compressing
42;2023-07-31T08:35:03;card (Malvinas);solid plug-and-play;Nakfa;Outdoors Brand Creative;indigo Virginia
43;2023-07-30T18:24:46;Plastic strategize;Senior Salad;Bedfordshire uniform;Checking;initiatives pixel hacking
44;2023-07-31T00:27:50;Bermudian Table;Grocery Rustic;Dollar;Israel Savings;Iran azure
45;2023-07-31T10:15:09;Principe Litas;budgetary multi-state;Steel ROI;Pizza SMS white;synergize
46;2023-07-30T20:35:51;indexing quantify hybrid;Arab Administrator 1080p;Handcrafted ivory Profit-focused;withdrawal;generating
47;2023-07-31T08:27:03;deposit;open-source;task-force;firewall Handcrafted portals;Lead turquoise Kyat
48;2023-07-31T00:44:58;cross-platform Senior clicks-and-mortar;Industrial;navigate Incredible;Home;Ferry
49;2023-07-30T18:24:44;Kwanza SQL;gold experiences;Cotton;Interactions Account;streamline Generic
50;2023-07-30T22:11:42;silver Extensions;withdrawal;initiative Jersey;hack vertical;portals yellow Czech
51;2023-07-31T05:21:54;Grocery Tasty Borders;experiences;Outdoors Quality-focused index;moderator Fantastic sensor;compressing
52;2023-07-31T08:35:03;card (Malvinas);solid plug-and-play;Nakfa;Outdoors Brand Creative;indigo Virginia
53;2023-07-30T18:24:46;Plastic strategize;Senior Salad;Bedfordshire uniform;Checking;initiatives pixel hacking
54;2023-07-31T00:27:50;Bermudian Table;Grocery Rustic;Dollar;Israel Savings;Iran azure
55;2023-07-31T10:15:09;Principe Litas;budgetary multi-state;Steel ROI;Pizza SMS white;synergize
56;2023-07-30T20:35:51;indexing quantify hybrid;Arab Administrator 1080p;Handcrafted ivory Profit-focused;withdrawal;generating
57;2023-07-31T08:27:03;deposit;open-source;task-force;firewall Handcrafted portals;Lead turquoise Kyat
58;2023-07-31T00:44:58;cross-platform Senior clicks-and-mortar;Industrial;navigate Incredible;Home;Ferry
59;2023-07-30T18:24:44;Kwanza SQL;gold experiences;Cotton;Interactions Account;streamline Generic
60;2023-07-30T22:11:42;silver Extensions;withdrawal;initiative Jersey;hack vertical;portals yellow Czech
